category,irr_pct
EUR,7.887049044048086
GBP,9.950722477487595
USD,12.051546680616605
Fund I,10.047562818876655
